<?xml version="1.0" encoding="utf-8"?>
<!DOCTYPE kinstall>
<kinstall type="kunena-template" version="4.0">
	<name>Blue Eagle5</name>
	<version>1.5.5</version>
	<creationDate>2020-11-22</creationDate>
	<author>Kunena Team</author>
	<authorEmail>team@kunena.org</authorEmail>
	<authorUrl>https://www.kunena.org</authorUrl>
	<copyright>Kunena Team</copyright>
	<license>GNU/GPL</license>
	<description>COM_KUNENA_TEMPLATE_BLUE_EAGLE5_DESC</description>
	<thumbnail>template_thumbnail.png</thumbnail>
</kinstall>
