<?xml version="1.0" encoding="utf-8"?>
<!DOCTYPE kinstall>
<kinstall type="kunena-template" version="5.2">
	<name>Blue Eagle5</name>
	<version>1.6.7</version>
	<creationDate>2022-01-01</creationDate>
	<author>Kunena Team</author>
	<authorEmail>team@kunena.org</authorEmail>
	<authorUrl>https://www.kunena.org</authorUrl>
	<copyright>Kunena Team</copyright>
	<license>GNU/GPL</license>
	<description>COM_KUNENA_TEMPLATE_BLUE_EAGLE5_DESC</description>
	<thumbnail>template_thumbnail.png</thumbnail>
	<targetversion version="5.[2]" />
</kinstall>
